site_code,trt,plot,block,cover_year,Sample_ID,N,P,K,Exclose,Rootsgperm2,pH_rootsample
bldr.us,NK,4,1,2011,184,1,0,1,0,160.2461059,NA
bldr.us,NK,18,2,2011,198,1,0,1,0,101.6887675,NA
bldr.us,PK,16,2,2011,196,0,1,1,0,30.27664872,NA
bldr.us,NPK,7,1,2011,187,1,1,1,0,77.71803586,6.25
bldr.us,K,6,1,2011,186,0,0,1,0,135.1058271,NA
bldr.us,NP,8,1,2011,188,1,1,0,0,143.5941742,NA
bldr.us,Fence,2,1,2011,182,0,0,0,1,212.4241339,NA
bldr.us,NP,20,2,2011,200,1,1,0,0,106.2564717,NA
bldr.us,N,3,1,2011,183,1,0,0,0,68.81195614,NA
bldr.us,NPK,17,2,2011,197,1,1,1,0,87.84211385,6.82
bldr.us,N,11,2,2011,191,1,0,0,0,393.2899261,NA
bldr.us,PK,5,1,2011,185,0,1,1,0,325.4400138,NA
bldr.us,NPK+Fence,15,2,2011,195,1,1,1,1,134.2158969,NA
bldr.us,NPK+Fence,9,1,2011,189,1,1,1,1,71.04543246,NA
bldr.us,P,1,1,2011,181,0,1,0,0,192.6562994,NA
bldr.us,K,13,2,2011,193,0,0,1,0,194.329691,NA
bldr.us,Control,10,1,2011,190,0,0,0,0,28.74761462,6.82
bldr.us,Fence,19,2,2011,199,0,0,0,1,184.5356587,NA
bldr.us,Control,12,2,2011,192,0,0,0,0,146.1258574,7.11
bldr.us,P,14,2,2011,194,0,1,0,0,121.2523625,NA
bnch.us,P,27,3,2011,1147,0,1,0,0,1347.354566,5.94
bnch.us,K,2,1,2011,1122,0,0,1,0,2562.577878,6.11
bnch.us,NPK+Fence,9,1,2011,1129,1,1,1,1,489.0364203,5.62
bnch.us,Fence,26,3,2011,1146,0,0,0,1,663.2417803,5.61
bnch.us,K,30,3,2011,1150,0,0,1,0,1460.925457,5.63
bnch.us,NPK,17,2,2011,1137,1,1,1,0,1728.920279,6.07
bnch.us,Fence,19,2,2011,1139,0,0,0,1,924.3801092,6.1
bnch.us,NP,6,1,2011,1126,1,1,0,0,1129.547107,5.49
bnch.us,N,15,2,2011,1135,1,0,0,0,1166.911509,4.89
bnch.us,P,12,2,2011,1132,0,1,0,0,941.3241362,5.91
bnch.us,Control,25,3,2011,1145,0,0,0,0,1315.256268,5.92
bnch.us,PK,3,1,2011,1123,0,1,1,0,1164.86854,6.04
bnch.us,K,14,2,2011,1134,0,0,1,0,301.7658308,5.69
bnch.us,NP,16,2,2011,1136,1,1,0,0,470.8129655,5.96
bnch.us,NPK+Fence,13,2,2011,1133,1,1,1,1,933.192068,5.49
bnch.us,NK,18,2,2011,1138,1,0,1,0,1047.014278,5.41
bnch.us,NPK,24,3,2011,1144,1,1,1,0,1196.807342,5.4
bnch.us,PK,11,2,2011,1131,0,1,1,0,656.1811696,5.95
bnch.us,P,8,1,2011,1128,0,1,0,0,439.2572944,5.96
bnch.us,NK,29,3,2011,1149,1,0,1,0,2171.131475,4.94
bnch.us,NP,22,3,2011,1142,1,1,0,0,1207.840535,5.24
bnch.us,PK,23,3,2011,1143,0,1,1,0,1944.510993,5.63
bnch.us,NPK,5,1,2011,1125,1,1,1,0,878.666072,5.55
bnch.us,Fence,10,1,2011,1130,0,0,0,1,2656.490215,6.06
bnch.us,N,4,1,2011,1124,1,0,0,0,1303.142492,5.27
bnch.us,N,21,3,2011,1141,1,0,0,0,990.6862585,4.85
bnch.us,NK,1,1,2011,1121,1,0,1,0,1081.146393,5.52
bnch.us,Control,20,2,2011,1140,0,0,0,0,1525.275709,6.26
bnch.us,Control,7,1,2011,1127,0,0,0,0,950.2711526,6.04
bnch.us,NPK+Fence,28,3,2011,1148,1,1,1,1,770.4551479,5.61
bogong.au,NPK,5,1,2012,785,1,1,1,0,625.163114,4.61
bogong.au,NK,30,3,2012,810,1,0,1,0,453.9554391,4.62
bogong.au,NP,8,1,2012,788,1,1,0,0,416.9729979,4.43
bogong.au,NK,6,1,2012,786,1,0,1,0,314.9748585,4.45
bogong.au,N,1,1,2012,781,1,0,0,0,753.3460459,4.45
bogong.au,NPK,23,3,2012,803,1,1,1,0,324.3761197,4.45
bogong.au,Control,21,3,2012,801,0,0,0,0,393.6178903,4.42
bogong.au,Control,11,2,2012,791,0,0,0,0,376.6698079,4.56
bogong.au,NPK+Fence,9,1,2012,789,1,1,1,1,1355.363676,4.43
bogong.au,K,7,1,2012,787,0,0,1,0,352.6673595,4.54
bogong.au,N,19,2,2012,799,1,0,0,0,629.8594416,4.41
bogong.au,NPK+Fence,28,3,2012,808,1,1,1,1,262.8606615,4.72
bogong.au,P,13,2,2012,793,0,1,0,0,529.0532427,4.62
bogong.au,Fence,26,3,2012,806,0,0,0,1,206.8185875,4.65
bogong.au,PK,2,1,2012,782,0,1,1,0,543.8218924,4.48
bogong.au,NP,25,3,2012,805,1,1,0,0,851.5639049,4.61
bogong.au,PK,29,3,2012,809,0,1,1,0,368.4624432,4.7
bogong.au,Fence,17,2,2012,797,0,0,0,1,281.010151,4.45
bogong.au,NP,14,2,2012,794,1,1,0,0,541.5274124,4.79
bogong.au,Fence,4,1,2012,784,0,0,0,1,255.0275363,4.39
bogong.au,N,22,3,2012,802,1,0,0,0,1075.110355,4.55
bogong.au,K,20,2,2012,800,0,0,1,0,407.7258251,4.57
bogong.au,PK,12,2,2012,792,0,1,1,0,268.7109839,4.67
bogong.au,NK,18,2,2012,798,1,0,1,0,428.646964,4.48
bogong.au,NPK+Fence,16,2,2012,796,1,1,1,1,410.7416285,4.78
bogong.au,P,10,1,2012,790,0,1,0,0,415.5734275,4.44
bogong.au,NPK,15,2,2012,795,1,1,1,0,292.0115678,4.47
bogong.au,Control,3,1,2012,783,0,0,0,0,245.6226847,4.4
bogong.au,P,27,3,2012,807,0,1,0,0,257.5202984,4.94
bogong.au,K,24,3,2012,804,0,0,1,0,543.6811746,4.67
burrawan.au,K,29,3,2012,899,0,0,1,0,210.7363647,6.38
burrawan.au,Fence,27,3,2012,897,0,0,0,1,252.6423595,7.12
burrawan.au,P,15,2,2012,885,0,1,0,0,24.03563753,6.09
burrawan.au,NP,25,3,2012,895,1,1,0,0,42.83753166,6.31
burrawan.au,NP,6,1,2012,876,1,1,0,0,571.6244731,5.79
burrawan.au,NPK,28,3,2012,898,1,1,1,0,98.81940347,6.61
burrawan.au,N,17,2,2012,887,1,0,0,0,22.60152546,4.86
burrawan.au,NPK+Fence,14,2,2012,884,1,1,1,1,121.8401302,5.91
burrawan.au,Control,24,3,2012,894,0,0,0,0,149.5854422,6.45
burrawan.au,K,13,2,2012,883,0,0,1,0,22.62809501,5.97
burrawan.au,Fence,7,1,2012,877,0,0,0,1,362.8906285,5.37
burrawan.au,PK,26,3,2012,896,0,1,1,0,316.4099014,6.51
burrawan.au,Fence,12,2,2012,882,0,0,0,1,22.00918882,6.08
burrawan.au,PK,19,2,2012,889,0,1,1,0,23.72775459,5.72
burrawan.au,NP,11,2,2012,881,1,1,0,0,20.6012784,5.05
burrawan.au,NPK,3,1,2012,873,1,1,1,0,23.37138536,5.04
burrawan.au,N,4,1,2012,874,1,0,0,0,23.88420519,5.73
burrawan.au,Control,1,1,2012,871,0,0,0,0,187.2528987,5.79
burrawan.au,NK,18,2,2012,888,1,0,1,0,250.0931335,5.49
burrawan.au,NK,22,3,2012,892,1,0,1,0,88.77941981,6.57
burrawan.au,K,10,1,2012,880,0,0,1,0,37.40760562,6.14
burrawan.au,NK,2,1,2012,872,1,0,1,0,227.7903392,5.08
burrawan.au,Control,20,2,2012,890,0,0,0,0,72.19319582,5.89
burrawan.au,NPK+Fence,30,3,2012,900,1,1,1,1,105.1305131,5.78
burrawan.au,P,8,1,2012,878,0,1,0,0,104.3894215,5.86
burrawan.au,NPK,16,2,2012,886,1,1,1,0,22.85752647,5.97
burrawan.au,N,21,3,2012,891,1,0,0,0,30.16662162,7.03
burrawan.au,PK,9,1,2012,879,0,1,1,0,355.0763054,6.05
burrawan.au,NPK+Fence,5,1,2012,875,1,1,1,1,22.5701883,4.95
burrawan.au,P,23,3,2012,893,0,1,0,0,25.98639456,7.17
cbgb.us,Control,46,4,2011,488,0,0,0,0,102.7056287,3.37
cbgb.us,NK,57,6,2011,496,1,0,1,0,218.4372541,5.47
cbgb.us,Control,1,1,2011,451,0,0,0,0,160.5602846,6.29
cbgb.us,NP,21,2,2011,468,1,1,0,0,167.9139861,6.56
cbgb.us,PK,12,1,2011,460,0,1,1,0,172.3866766,6.26
cbgb.us,NK,6,1,2011,454,1,0,1,0,137.6277727,6.42
cbgb.us,P,64,6,2011,503,0,1,0,0,173.3708656,6.27
cbgb.us,NPK,28,3,2011,474,1,1,1,0,233.155437,6.21
cbgb.us,N,66,6,2011,504,1,0,0,0,96.87707641,6.31
cbgb.us,K,22,2,2011,469,0,0,1,0,125.8649028,6.69
cbgb.us,P,9,1,2011,457,0,1,0,0,198.5735018,6.28
cbgb.us,N,16,2,2011,464,1,0,0,0,38.76371836,6.7
cbgb.us,K,10,1,2011,458,0,0,1,0,175.3626924,6.52
cbgb.us,NP,51,5,2011,491,1,1,0,0,71.45023763,6.64
cbgb.us,Control,62,6,2011,501,0,0,0,0,142.069776,6.59
cbgb.us,Fence,18,2,2011,465,0,0,0,1,290.1735433,6.64
cbgb.us,NPK+Fence,8,1,2011,456,1,1,1,1,231.1993936,6.08
cbgb.us,P,13,2,2011,461,0,1,0,0,135.3165373,6.73
cbgb.us,PK,58,6,2011,497,0,1,1,0,408.1249449,6.16
cbgb.us,NP,25,3,2011,471,1,1,0,0,203.731136,6.31
cbgb.us,Control,33,3,2011,479,0,0,0,0,88.00500616,6.48
cbgb.us,NK,30,3,2011,476,1,0,1,0,72.69901916,6.67
cbgb.us,P,32,3,2011,478,0,1,0,0,257.6213934,6.1
cbgb.us,NK,50,5,2011,490,1,0,1,0,90.17951282,6.3
cbgb.us,NP,3,1,2011,452,1,1,0,0,194.2661304,6.53
cbgb.us,N,45,4,2011,487,1,0,0,0,159.0989903,6.79
cbgb.us,NK,37,4,2011,481,1,0,1,0,73.08831294,6.42
cbgb.us,P,55,5,2011,494,0,1,0,0,108.148688,6.36
cbgb.us,Fence,7,1,2011,455,0,0,0,1,128.9438461,6.33
cbgb.us,NPK,4,1,2011,453,1,1,1,0,311.699742,6.41
cbgb.us,NPK,38,4,2011,482,1,1,1,0,238.6049684,6.42
cbgb.us,PK,20,2,2011,467,0,1,1,0,327.4893652,6.69
cbgb.us,Control,24,2,2011,470,0,0,0,0,72.23113558,6.53
cbgb.us,PK,40,4,2011,484,0,1,1,0,67.22443004,6.45
cbgb.us,K,35,3,2011,480,0,0,1,0,289.6911007,5.76
cbgb.us,NK,14,2,2011,462,1,0,1,0,89.63976092,6.45
cbgb.us,Control,49,5,2011,489,0,0,0,0,76.05302579,6.36
cbgb.us,N,56,5,2011,495,1,0,0,0,88.4425246,6.29
cbgb.us,N,29,3,2011,475,1,0,0,0,121.6161854,6.77
cbgb.us,NPK+Fence,15,2,2011,463,1,1,1,1,263.9121621,6.79
cbgb.us,P,44,4,2011,486,0,1,0,0,101.2738395,6.28
cbgb.us,K,39,4,2011,483,0,0,1,0,141.7991133,6.55
cbgb.us,K,59,6,2011,498,0,0,1,0,182.8227547,6.13
cbgb.us,PK,52,5,2011,492,0,1,1,0,93.57294833,6.48
cbgb.us,N,11,1,2011,459,1,0,0,0,110.2360998,6.26
cbgb.us,PK,27,3,2011,473,0,1,1,0,187.7452228,6.4
cbgb.us,NP,60,6,2011,499,1,1,0,0,106.7858227,6.07
cbgb.us,NPK,61,6,2011,500,1,1,1,0,238.7995889,6.23
cbgb.us,NPK,19,2,2011,466,1,1,1,0,109.7513117,6.35
cbgb.us,NPK+Fence,26,3,2011,472,1,1,1,1,213.9110413,7.17
cbgb.us,Fence,31,3,2011,477,0,0,0,1,328.446814,6.31
cbgb.us,K,54,5,2011,493,0,0,1,0,134.1452263,6.48
cbgb.us,NP,41,4,2011,485,1,1,0,0,197.2448515,6.27
cdcr.us,NPK,3,1,2012,513,1,1,1,0,453.5102455,6.43
cdcr.us,Fence,27,3,2012,533,0,0,0,1,178.722064,6.19
cdcr.us,Fence,10,1,2012,518,0,0,0,1,1366.182747,6.77
cdcr.us,P,8,1,2012,517,0,1,0,0,257.2806386,5.23
cdcr.us,NPK+Fence,23,2,2012,529,1,1,1,1,386.9008361,5.71
cdcr.us,K,4,1,2012,514,0,0,1,0,1660.336702,6.25
cdcr.us,P,31,3,2012,536,0,1,0,0,1170.168785,5.87
cdcr.us,PK,28,3,2012,534,0,1,1,0,80.60369508,6.11
cdcr.us,NPK,33,3,2012,538,1,1,1,0,36.48307038,5.79
cdcr.us,NK,14,2,2012,522,1,0,1,0,1700.82906,5.75
cdcr.us,PK,15,2,2012,523,0,1,1,0,1640.228429,6.7
cdcr.us,Control,11,1,2012,519,0,0,0,0,219.1325664,5.22
cdcr.us,N,32,3,2012,537,1,0,0,0,205.3884712,6.02
cdcr.us,K,30,3,2012,535,0,0,1,0,280.8948657,6.35
cdcr.us,N,24,2,2012,530,1,0,0,0,122.0955238,5.49
cdcr.us,NP,2,1,2012,512,1,1,0,0,586.651516,6.44
cdcr.us,NK,25,3,2012,531,1,0,1,0,153.5706635,6.18
cdcr.us,P,19,2,2012,526,0,1,0,0,340.6260132,6
cdcr.us,Control,13,2,2012,521,0,0,0,0,124.8350882,6.3
cdcr.us,NPK+Fence,36,3,2012,540,1,1,1,1,87.04242174,6.2
cdcr.us,NK,12,1,2012,520,1,0,1,0,79.00612337,6.22
cdcr.us,Control,26,3,2012,532,0,0,0,0,73.00509084,6.55
cdcr.us,N,7,1,2012,516,1,0,0,0,84.76723724,6.16
cdcr.us,PK,6,1,2012,515,0,1,1,0,80.68459658,6.35
cdcr.us,NPK,18,2,2012,525,1,1,1,0,83.09087608,5.03
cdcr.us,NPK+Fence,1,1,2012,511,1,1,1,1,122.9632685,5.3
cdcr.us,NP,16,2,2012,524,1,1,0,0,517.9567078,6.47
cdcr.us,NP,35,3,2012,539,1,1,0,0,1341.13739,6.52
cdcr.us,Fence,21,2,2012,527,0,0,0,1,732.0031364,5.3
cdcr.us,K,22,2,2012,528,0,0,1,0,167.208214,6.8
cdpt.us,NPK,23,3,2011,293,1,1,1,0,533.0614093,6.43
cdpt.us,Fence,13,2,2011,283,0,0,0,1,234.0716775,6.38
cdpt.us,NP,11,2,2011,281,1,1,0,0,814.4610463,6.58
cdpt.us,N,21,3,2011,291,1,0,0,0,933.4230859,6.03
cdpt.us,Fence,8,1,2011,278,0,0,0,1,656.0997732,7.08
cdpt.us,NPK+Fence,22,3,2011,292,1,1,1,1,673.433642,6.12
cdpt.us,K,4,1,2011,274,0,0,1,0,241.5972343,7.13
cdpt.us,PK,14,2,2011,284,0,1,1,0,611.589593,6.48
cdpt.us,PK,27,3,2011,297,0,1,1,0,411.2305497,6.26
cdpt.us,N,18,2,2011,288,1,0,0,0,1194.38186,6.25
cdpt.us,NK,3,1,2011,273,1,0,1,0,1414.798555,6.68
cdpt.us,K,24,3,2011,294,0,0,1,0,1173.419554,6.44
cdpt.us,NP,6,1,2011,276,1,1,0,0,866.0223237,8.36
cdpt.us,Fence,28,3,2011,298,0,0,0,1,621.2240865,6.34
cdpt.us,NK,16,2,2011,286,1,0,1,0,129.3221415,6.75
cdpt.us,P,19,2,2011,289,0,1,0,0,840.4868372,6.36
cdpt.us,P,9,1,2011,279,0,1,0,0,1153.711136,6.41
cdpt.us,P,30,3,2011,300,0,1,0,0,1046.071769,6.4
cdpt.us,NPK,17,2,2011,287,1,1,1,0,439.1927872,6.3
cdpt.us,NPK+Fence,20,2,2011,290,1,1,1,1,91.06892588,5.86
cdpt.us,N,5,1,2011,275,1,0,0,0,1287.426533,5.95
cdpt.us,NK,29,3,2011,299,1,0,1,0,919.9542433,6.66
cdpt.us,K,15,2,2011,285,0,0,1,0,242.706365,6.33
cdpt.us,NPK,10,1,2011,280,1,1,1,0,571.2882617,6.46
cdpt.us,NP,25,3,2011,295,1,1,0,0,1303.8599,6.31
cdpt.us,Control,12,2,2011,282,0,0,0,0,643.3803396,6.7
cdpt.us,Control,2,1,2011,272,0,0,0,0,865.4564151,6.77
cdpt.us,PK,7,1,2011,277,0,1,1,0,1129.232742,7.94
cdpt.us,Control,26,3,2011,296,0,0,0,0,1371.771475,6.69
cdpt.us,NPK+Fence,1,1,2011,271,1,1,1,1,564.4947162,8.27
cowi.ca,P,11,2,2011,11,0,1,0,0,3489.992019,5.82
cowi.ca,NK,22,3,2011,22,1,0,1,0,1065.538187,5.98
cowi.ca,PK,27,3,2011,27,0,1,1,0,1832.093815,5.47
cowi.ca,NPK+Fence,23,3,2011,23,1,1,1,1,1843.994608,6.1
cowi.ca,NP,16,2,2011,16,1,1,0,0,2078.359606,5.78
cowi.ca,PK,7,1,2011,7,0,1,1,0,1066.409855,6.63
cowi.ca,N,20,2,2011,20,1,0,0,0,1005.31354,5.97
cowi.ca,P,30,3,2011,30,0,1,0,0,1333.936224,5.98
cowi.ca,P,5,1,2011,5,0,1,0,0,1394.49582,5.87
cowi.ca,N,21,3,2011,21,1,0,0,0,1500.951078,6.02
cowi.ca,NPK+Fence,18,2,2011,18,1,1,1,1,761.4206022,5.86
cowi.ca,K,4,1,2011,4,0,0,1,0,1590.488942,6.33
cowi.ca,Fence,28,3,2011,28,0,0,0,1,1541.911636,6.09
cowi.ca,Fence,8,1,2011,8,0,0,0,1,2187.21434,6.11
cowi.ca,N,2,1,2011,2,1,0,0,0,925.9627688,6.57
cowi.ca,Control,10,2,2011,10,0,0,0,0,1240.453383,6.15
cowi.ca,NPK+Fence,6,1,2011,6,1,1,1,1,2095.068163,6.55
cowi.ca,Control,25,3,2011,25,0,0,0,0,2086.358372,5.95
cowi.ca,NK,13,2,2011,13,1,0,1,0,2249.953108,6.58
cowi.ca,PK,15,2,2011,15,0,1,1,0,1987.906101,5.8
cowi.ca,NPK,19,2,2011,19,1,1,1,0,1590.339489,5.79
cowi.ca,Control,3,1,2011,3,0,0,0,0,1698.736041,6.8
cowi.ca,NK,12,1,2011,12,1,0,1,0,805.6037986,6.41
cowi.ca,NP,9,1,2011,9,1,1,0,0,2104.252003,6.29
cowi.ca,K,29,3,2011,29,0,0,1,0,1449.278248,6.13
cowi.ca,K,14,2,2011,14,0,0,1,0,3165.961218,6.28
cowi.ca,NP,24,3,2011,24,1,1,0,0,2649.147393,6.32
cowi.ca,NPK,26,3,2011,26,1,1,1,0,799.2192013,5.92
cowi.ca,Fence,17,2,2011,17,0,0,0,1,1122.447241,6.5
cowi.ca,NPK,1,1,2011,1,1,1,1,0,1780.563626,6.6
elliot.us,N,12,2,2011,132,1,0,0,0,72.27722772,NA
elliot.us,Control,29,3,2011,149,0,0,0,0,48.51485149,NA
elliot.us,Control,6,1,2011,126,0,0,0,0,131.6831683,NA
elliot.us,K,20,2,2011,140,0,0,1,0,46.53465347,NA
elliot.us,P,1,1,2011,121,0,1,0,0,63.36633663,6.14
elliot.us,PK,2,1,2011,122,0,1,1,0,94.05940594,NA
elliot.us,Fence,13,2,2011,133,0,0,0,1,100.990099,NA
elliot.us,P,23,3,2011,143,0,1,0,0,61.38613861,NA
elliot.us,N,3,1,2011,123,1,0,0,0,213.8613861,NA
elliot.us,NP,27,3,2011,147,1,1,0,0,73.26732673,NA
elliot.us,NK,5,1,2011,125,1,0,1,0,104.950495,NA
elliot.us,NPK,28,3,2011,148,1,1,1,0,106.9306931,NA
elliot.us,NPK+Fence,4,1,2011,124,1,1,1,1,142.5742574,NA
elliot.us,Control,16,2,2011,136,0,0,0,0,204.950495,NA
elliot.us,NPK+Fence,30,3,2011,150,1,1,1,1,35.64356436,5.58
elliot.us,K,22,3,2011,142,0,0,1,0,73.26732673,NA
elliot.us,NPK+Fence,15,2,2011,135,1,1,1,1,188.1188119,5.95
elliot.us,N,24,3,2011,144,1,0,0,0,126.7326733,NA
elliot.us,NP,8,1,2011,128,1,1,0,0,73.26732673,NA
elliot.us,NP,11,2,2011,131,1,1,0,0,57.42574257,NA
elliot.us,Fence,21,3,2011,141,0,0,0,1,109.9009901,NA
elliot.us,PK,25,3,2011,145,0,1,1,0,73.26732673,NA
elliot.us,NK,26,3,2011,146,1,0,1,0,114.8514851,NA
elliot.us,P,17,2,2011,137,0,1,0,0,99.00990099,NA
elliot.us,K,10,1,2011,130,0,0,1,0,186.1386139,NA
elliot.us,NK,14,2,2011,134,1,0,1,0,193.0693069,NA
elliot.us,Fence,7,1,2011,127,0,0,0,1,72.27722772,NA
elliot.us,NPK,9,1,2011,129,1,1,1,0,100.990099,NA
elliot.us,PK,19,2,2011,139,0,1,1,0,85.14851485,NA
elliot.us,NPK,18,2,2011,138,1,1,1,0,211.8811881,NA
frue.ch,K,23,3,2011,683,0,0,1,0,245.9594716,5.59
frue.ch,Control,27,3,2011,687,0,0,0,0,221.9471181,6
frue.ch,NPK,12,2,2011,672,1,1,1,0,261.5509174,5.77
frue.ch,Control,17,2,2011,677,0,0,0,0,352.5454962,5.78
frue.ch,NPK,8,1,2011,668,1,1,1,0,95.16742867,7.18
frue.ch,NP,4,1,2011,664,1,1,0,0,152.5238535,5.97
frue.ch,N,1,1,2011,661,1,0,0,0,175.8332969,5.84
frue.ch,NP,15,2,2011,675,1,1,0,0,296.0617761,6.21
frue.ch,PK,19,2,2011,679,0,1,1,0,385.9486137,5.84
frue.ch,NPK+Fence,20,2,2011,680,1,1,1,1,116.7952095,7.02
frue.ch,NK,2,1,2011,662,1,0,1,0,90.84272195,6.75
frue.ch,K,13,2,2011,673,0,0,1,0,133.6219853,6.57
frue.ch,Fence,16,2,2011,676,0,0,0,1,194.2674424,7.12
frue.ch,K,7,1,2011,667,0,0,1,0,344.4388304,7
frue.ch,Fence,22,3,2011,682,0,0,0,1,99.79282477,5.61
frue.ch,NPK+Fence,5,1,2011,665,1,1,1,1,69.11584118,7.35
frue.ch,N,26,3,2011,686,1,0,0,0,99.7169054,5.93
frue.ch,NP,29,3,2011,689,1,1,0,0,118.83186,5.63
frue.ch,P,14,2,2011,674,0,1,0,0,150.9234828,6.12
frue.ch,Control,10,1,2011,670,0,0,0,0,92.41502653,6.02
frue.ch,NK,18,2,2011,678,1,0,1,0,124.1637887,6.68
frue.ch,P,6,1,2011,666,0,1,0,0,169.7308592,6.78
frue.ch,NPK,25,3,2011,685,1,1,1,0,344.9433535,5.53
frue.ch,Fence,9,1,2011,669,0,0,0,1,320.0144947,7.02
frue.ch,NK,21,3,2011,681,1,0,1,0,175.7774384,5.62
frue.ch,P,28,3,2011,688,0,1,0,0,538.711125,6.59
frue.ch,PK,24,3,2011,684,0,1,1,0,209.8396734,5.68
frue.ch,PK,3,1,2011,663,0,1,1,0,276.5548765,5.99
frue.ch,NPK+Fence,30,3,2011,690,1,1,1,1,155.7416208,5.32
frue.ch,N,11,2,2011,671,1,0,0,0,487.7677841,5.71
gilb.za,NP,13,2,2012,853,1,1,0,0,651.3559426,6.1
gilb.za,P,17,2,2012,857,0,1,0,0,1676.058487,5.5
gilb.za,P,10,1,2012,850,0,1,0,0,541.16705,5.82
gilb.za,NPK,1,1,2012,841,1,1,1,0,299.3270421,4.93
gilb.za,NK,7,1,2012,847,1,0,1,0,280.089721,4.84
gilb.za,NP,24,3,2012,864,1,1,0,0,969.6217806,5.58
gilb.za,NK,29,3,2012,869,1,0,1,0,916.7140888,5.14
gilb.za,NPK+Fence,18,2,2012,858,1,1,1,1,2407.766081,5.26
gilb.za,NPK,11,2,2012,851,1,1,1,0,1219.204542,5.57
gilb.za,Fence,15,2,2012,855,0,0,0,1,2339.811335,5.43
gilb.za,N,16,2,2012,856,1,0,0,0,942.3273076,5.21
gilb.za,NP,2,1,2012,842,1,1,0,0,336.4093045,5.27
gilb.za,K,9,1,2012,849,0,0,1,0,226.2345724,5.42
gilb.za,NK,20,2,2012,860,1,0,1,0,1850.258476,5.11
gilb.za,N,3,1,2012,843,1,0,0,0,376.8541118,5.43
gilb.za,Control,6,1,2012,846,0,0,0,0,978.4800371,5.48
gilb.za,NPK+Fence,4,1,2012,844,1,1,1,1,436.7813034,5.65
gilb.za,N,23,3,2012,863,1,0,0,0,3167.665905,5.1
gilb.za,P,22,3,2012,862,0,1,0,0,952.6381192,5.7
gilb.za,Fence,28,3,2012,868,0,0,0,1,1280.641753,5.4
gilb.za,PK,21,3,2012,861,0,1,1,0,1404.340625,5.15
gilb.za,K,12,2,2012,852,0,0,1,0,455.6119102,5.45
gilb.za,NPK,27,3,2012,867,1,1,1,0,600.1509382,5.38
gilb.za,NPK+Fence,30,3,2012,870,1,1,1,1,1063.920581,5.61
gilb.za,Control,26,3,2012,866,0,0,0,0,1560.053798,5.38
gilb.za,PK,5,1,2012,845,0,1,1,0,573.9270577,5.41
gilb.za,Control,14,2,2012,854,0,0,0,0,1073.199108,5.51
gilb.za,PK,19,2,2012,859,0,1,1,0,3110.979809,5.29
gilb.za,K,25,3,2012,865,0,0,1,0,923.9936283,5.27
gilb.za,Fence,8,1,2012,848,0,0,0,1,314.5349859,5.63
hall.us,P,25,3,2011,1085,0,1,0,0,122.8571429,NA
hall.us,K,30,3,2011,1090,0,0,1,0,89.1460512,5.75
hall.us,P,4,1,2011,1064,0,1,0,0,72.92839997,5.7
hall.us,N,10,1,2011,1070,1,0,0,0,53.35717769,5.79
hall.us,NP,1,1,2011,1061,1,1,0,0,87.61653091,5.2
hall.us,NP,29,3,2011,1089,1,1,0,0,60.2113037,5.14
hall.us,NPK+Fence,17,2,2011,1077,1,1,1,1,46.71399639,4.68
hall.us,PK,6,1,2011,1066,0,1,1,0,61.2132611,5.46
hall.us,NPK+Fence,23,3,2011,1083,1,1,1,1,105.5667009,5.05
hall.us,Control,26,3,2011,1086,0,0,0,0,52.69917582,5.81
hall.us,Control,3,1,2011,1063,0,0,0,0,115.3727523,5.6
hall.us,P,11,2,2011,1071,0,1,0,0,479.3652927,5.49
hall.us,PK,21,3,2011,1081,0,1,1,0,269.8522428,5.08
hall.us,NK,7,1,2011,1067,1,0,1,0,129.7513383,5.11
hall.us,N,18,2,2011,1078,1,0,0,0,118.111647,5.07
hall.us,Fence,20,2,2011,1080,0,0,0,1,167.4731769,5.37
hall.us,N,27,3,2011,1087,1,0,0,0,70.63276499,5.27
hall.us,Control,13,2,2011,1073,0,0,0,0,142.9782415,6.34
hall.us,NPK,2,1,2011,1062,1,1,1,0,63.12219516,4.95
hall.us,NPK,16,2,2011,1076,1,1,1,0,38.17670676,5.36
hall.us,Fence,9,1,2011,1069,0,0,0,1,157.8446729,5.52
hall.us,K,15,2,2011,1075,0,0,1,0,75.17320712,7.09
hall.us,NPK,28,3,2011,1088,1,1,1,0,46.33635617,5.24
hall.us,Fence,22,3,2011,1082,0,0,0,1,204.2472993,5.29
hall.us,K,5,1,2011,1065,0,0,1,0,304.2505298,5.72
hall.us,NK,12,2,2011,1072,1,0,1,0,44.34402332,5.07
hall.us,NK,24,3,2011,1084,1,0,1,0,89.2699115,5.08
hall.us,PK,19,2,2011,1079,0,1,1,0,142.6055479,5.92
hall.us,NP,14,2,2011,1074,1,1,0,0,118.3835776,5.58
hall.us,NPK+Fence,8,1,2011,1068,1,1,1,1,153.4956658,6.47
hart.us,NPK,12,2,2011,222,1,1,1,0,230.2318123,6.63
hart.us,P,23,3,2011,233,0,1,0,0,53.12265229,NA
hart.us,NK,3,1,2011,213,1,0,1,0,169.0913667,6.78
hart.us,NPK+Fence,20,2,2011,230,1,1,1,1,338.4977161,NA
hart.us,NP,18,2,2011,228,1,1,0,0,173.3495303,7.5
hart.us,P,11,2,2011,221,0,1,0,0,160.0071642,6.94
hart.us,NP,1,1,2011,211,1,1,0,0,80.82228512,7.1
hart.us,Fence,16,2,2011,226,0,0,0,1,46.15942088,NA
hart.us,Control,24,3,2011,234,0,0,0,0,113.6166656,NA
hart.us,K,29,3,2011,239,0,0,1,0,199.7871862,NA
hart.us,N,6,1,2011,216,1,0,0,0,214.8498116,7.11
hart.us,N,27,3,2011,237,1,0,0,0,106.3640743,NA
hart.us,Fence,10,1,2011,220,0,0,0,1,58.3226443,7.38
hart.us,PK,2,1,2011,212,0,1,1,0,270.9336663,7.17
hart.us,PK,19,2,2011,229,0,1,1,0,233.222918,7.07
hart.us,PK,28,3,2011,238,0,1,1,0,182.7678947,NA
hart.us,NPK+Fence,7,1,2011,217,1,1,1,1,197.0466651,6.84
hart.us,NP,22,3,2011,232,1,1,0,0,83.22088457,7.34
hart.us,NPK,26,3,2011,236,1,1,1,0,119.8993379,7.2
hart.us,NK,25,3,2011,235,1,0,1,0,198.8367076,NA
hart.us,K,15,2,2011,225,0,0,1,0,244.7962444,7.7
hart.us,NPK,4,1,2011,214,1,1,1,0,224.0957188,6.91
hart.us,P,9,1,2011,219,0,1,0,0,135.4616765,6.97
hart.us,N,13,2,2011,223,1,0,0,0,88.31664861,7.11
hart.us,NPK+Fence,21,3,2011,231,1,1,1,1,143.0467043,NA
hart.us,NK,14,2,2011,224,1,0,1,0,163.181775,NA
hart.us,Control,8,1,2011,218,0,0,0,0,94.05010258,7.36
hart.us,Fence,30,3,2011,240,0,0,0,1,71.42063089,NA
hart.us,Control,17,2,2011,227,0,0,0,0,173.6163265,7.35
hart.us,K,5,1,2011,215,0,0,1,0,98.13604117,6.98
konz.us,K,17,2,2011,587,0,0,1,0,154.0455995,7.07
konz.us,N,14,2,2011,584,1,0,0,0,31.38579541,6.23
konz.us,Fence,11,2,2011,581,0,0,0,1,152.5108117,7.03
konz.us,Control,4,1,2011,574,0,0,0,0,271.7389972,6.63
konz.us,P,7,1,2011,577,0,1,0,0,179.0768942,6.26
konz.us,K,27,3,2011,597,0,0,1,0,171.9929453,7.45
konz.us,NP,19,2,2011,589,1,1,0,0,262.3641431,7.02
konz.us,NPK,2,1,2011,572,1,1,1,0,100.3593997,6.44
konz.us,Fence,22,3,2011,592,0,0,0,1,80.48624984,7.11
konz.us,NPK,16,2,2011,586,1,1,1,0,233.5763187,6.42
konz.us,NPK+Fence,29,3,2011,599,1,1,1,1,54.37033173,6.87
konz.us,NK,8,1,2011,578,1,0,1,0,135.3998897,6.63
konz.us,P,23,3,2011,593,0,1,0,0,212.9391277,7.04
konz.us,NPK,30,3,2011,600,1,1,1,0,58.24730784,7.1
konz.us,N,5,1,2011,575,1,0,0,0,122.3584629,6.54
konz.us,NPK+Fence,3,1,2011,573,1,1,1,1,223.8573092,6.23
konz.us,Fence,10,1,2011,580,0,0,0,1,357.8939177,6.53
konz.us,Control,21,3,2011,591,0,0,0,0,166.3189522,6.46
konz.us,PK,6,1,2011,576,0,1,1,0,373.6179205,6.67
konz.us,Control,18,2,2011,588,0,0,0,0,256.8222941,7.22
konz.us,PK,12,2,2011,582,0,1,1,0,435.5738089,6.35
konz.us,PK,26,3,2011,596,0,1,1,0,240.701009,6.3
konz.us,K,9,1,2011,579,0,0,1,0,170.4511278,6.61
konz.us,NK,20,2,2011,590,1,0,1,0,304.6870615,6.64
konz.us,NP,28,3,2011,598,1,1,0,0,76.13654917,6.77
konz.us,NP,1,1,2011,571,1,1,0,0,232.3209568,6
konz.us,NPK+Fence,15,2,2011,585,1,1,1,1,121.2142296,6.68
konz.us,N,25,3,2011,595,1,0,0,0,108.8473584,6.19
konz.us,P,13,2,2011,583,0,1,0,0,212.8110657,6.54
konz.us,NK,24,3,2011,594,1,0,1,0,74.39238987,6.85
lancaster.uk,NPK+Fence,10,1,2011,370,1,1,1,1,48.70943198,4.52
lancaster.uk,PK,24,3,2011,384,0,1,1,0,790.9078066,5.03
lancaster.uk,NK,4,1,2011,364,1,0,1,0,286.7206457,4.61
lancaster.uk,PK,18,2,2011,378,0,1,1,0,1264.495151,5.03
lancaster.uk,NP,7,1,2011,367,1,1,0,0,375.5843712,5.11
lancaster.uk,K,13,2,2011,373,0,0,1,0,295.5428106,4.94
lancaster.uk,NPK,26,3,2011,386,1,1,1,0,40.04136977,4.92
lancaster.uk,Control,3,1,2011,363,0,0,0,0,438.9133431,5.07
lancaster.uk,NK,11,2,2011,371,1,0,1,0,329.4657549,5.11
lancaster.uk,NPK,1,1,2011,361,1,1,1,0,627.7061628,5.46
lancaster.uk,N,12,2,2011,372,1,0,0,0,424.5602133,4.84
lancaster.uk,Fence,5,1,2011,365,0,0,0,1,435.5966008,4.79
lancaster.uk,K,9,1,2011,369,0,0,1,0,459.533404,4.85
lancaster.uk,NPK,17,2,2011,377,1,1,1,0,1423.118866,5.29
lancaster.uk,P,22,3,2011,382,0,1,0,0,320.1317415,5.1
lancaster.uk,N,20,3,2011,380,1,0,0,0,1098.368204,4.97
lancaster.uk,PK,2,1,2011,362,0,1,1,0,1020.055833,5.36
lancaster.uk,NP,16,2,2011,376,1,1,0,0,954.4680768,4.93
lancaster.uk,P,15,2,2011,375,0,1,0,0,453.7657783,5.04
lancaster.uk,Control,14,2,2011,374,0,0,0,0,NA,5.38
lancaster.uk,N,6,1,2011,366,1,0,0,0,240.2080348,5.03
lancaster.uk,NP,23,3,2011,383,1,1,0,0,401.1721957,5.24
lancaster.uk,Control,21,3,2011,381,0,0,0,0,652.2117125,5.2
lancaster.uk,K,19,3,2011,379,0,0,1,0,452.7528639,5.07
lancaster.uk,P,8,1,2011,368,0,1,0,0,375.8255162,5.09
lancaster.uk,NK,25,3,2011,385,1,0,1,0,677.3877551,5.11
look.us,NK,30,3,2011,420,1,0,1,0,1060.996203,4.72
look.us,N,29,3,2011,419,1,0,0,0,811.6793048,4.93
look.us,P,3,1,2011,393,0,1,0,0,678.3873407,5.62
look.us,PK,16,2,2011,406,0,1,1,0,1530.817039,5.28
look.us,NP,22,3,2011,412,1,1,0,0,208.9568489,4.85
look.us,Fence,26,3,2011,416,0,0,0,1,250.7882346,4.84
look.us,Fence,11,2,2011,401,0,0,0,1,819.3385881,5.52
look.us,NPK,25,3,2011,415,1,1,1,0,710.6055822,4.85
look.us,PK,27,3,2011,417,0,1,1,0,2261.219218,4.94
look.us,P,14,2,2011,404,0,1,0,0,330.7335497,5.25
look.us,NK,13,2,2011,403,1,0,1,0,1790.004418,4.82
look.us,NPK,19,2,2011,409,1,1,1,0,478.3823482,4.63
look.us,NPK+Fence,18,2,2011,408,1,1,1,1,235.1928618,4.7
look.us,K,6,1,2011,396,0,0,1,0,1282.204784,5.15
look.us,P,21,3,2011,411,0,1,0,0,338.8559975,4.97
look.us,Control,7,1,2011,397,0,0,0,0,1105.323747,5.04
look.us,Control,17,2,2011,407,0,0,0,0,1451.053296,4.89
look.us,PK,2,1,2011,392,0,1,1,0,609.6792728,5.05
look.us,NK,10,1,2011,400,1,0,1,0,837.445977,4.61
look.us,Control,23,3,2011,413,0,0,0,0,408.2008624,5.06
look.us,K,12,2,2011,402,0,0,1,0,910.5776111,5.36
look.us,NPK+Fence,4,1,2011,394,1,1,1,1,132.8500541,5.16
look.us,NP,15,2,2011,405,1,1,0,0,202.2030049,5.07
look.us,NPK+Fence,28,3,2011,418,1,1,1,1,1292.660085,4.66
look.us,NP,1,1,2011,391,1,1,0,0,1296.680006,4.9
look.us,N,5,1,2011,395,1,0,0,0,410.4998721,4.96
look.us,N,20,2,2011,410,1,0,0,0,734.7593418,4.39
look.us,K,24,3,2011,414,0,0,1,0,1160.295429,4.72
look.us,NPK,9,1,2011,399,1,1,1,0,698.6431596,5.22
look.us,Fence,8,1,2011,398,0,0,0,1,2494.30809,5.28
mtca.au,N,13,2,2011,703,1,0,0,0,116.5108278,6.37
mtca.au,K,12,2,2011,702,0,0,1,0,213.5576447,7.1
mtca.au,NK,10,1,2011,700,1,0,1,0,193.3565436,6.54
mtca.au,NK,14,2,2011,704,1,0,1,0,111.6852895,7.17
mtca.au,N,26,3,2011,716,1,0,0,0,93.89628158,6.68
mtca.au,NPK,29,3,2011,719,1,1,1,0,277.6375422,6.3
mtca.au,P,11,2,2011,701,0,1,0,0,112.4249371,6.86
mtca.au,NPK,2,1,2011,692,1,1,1,0,314.051694,5.68
mtca.au,NP,28,3,2011,718,1,1,0,0,479.6031556,6.75
mtca.au,Control,8,1,2011,698,0,0,0,0,50.17750742,6.38
mtca.au,Fence,9,1,2011,699,0,0,0,1,22.36832863,5.9
mtca.au,K,7,1,2011,697,0,0,1,0,48.08039847,6.14
mtca.au,NPK+Fence,5,1,2011,695,1,1,1,1,97.75786139,6.22
mtca.au,PK,30,3,2011,720,0,1,1,0,479.7005897,6.09
mtca.au,K,21,3,2011,711,0,0,1,0,158.6482296,6.02
mtca.au,Fence,20,2,2011,710,0,0,0,1,172.8420221,6.1
mtca.au,Control,27,3,2011,717,0,0,0,0,238.3842037,6.1
mtca.au,NPK,19,2,2011,709,1,1,1,0,184.4336402,6.22
mtca.au,P,6,1,2011,696,0,1,0,0,331.725185,6.12
mtca.au,PK,15,2,2011,705,0,1,1,0,90.37761978,6.19
mtca.au,Control,16,2,2011,706,0,0,0,0,78.85001449,6.8
mtca.au,NP,17,2,2011,707,1,1,0,0,151.3565597,6.28
mtca.au,NK,25,3,2011,715,1,0,1,0,275.3075184,6.37
mtca.au,N,1,1,2011,691,1,0,0,0,81.49353418,6.23
mtca.au,Fence,24,3,2011,714,0,0,0,1,175.712916,6.28
mtca.au,NPK+Fence,18,2,2011,708,1,1,1,1,88.90306122,6.7
mtca.au,NP,3,1,2011,693,1,1,0,0,124.0724457,6.51
mtca.au,PK,4,1,2011,694,0,1,1,0,110.3435993,6.18
mtca.au,P,23,3,2011,713,0,1,0,0,171.8404999,5.89
mtca.au,NPK+Fence,22,3,2011,712,1,1,1,1,128.4312198,6.22
sage.us,P,25,3,2011,265,0,1,0,0,167.0094911,6.73
sage.us,NPK+Fence,16,2,2011,256,1,1,1,1,48.82517342,7.04
sage.us,Control,14,2,2011,254,0,0,0,0,83.38458285,7.01
sage.us,NP,22,3,2011,262,1,1,0,0,224.3033817,6.48
sage.us,N,30,3,2011,270,1,0,0,0,356.517099,6.63
sage.us,PK,11,2,2011,251,0,1,1,0,12.48804812,6.97
sage.us,NP,5,1,2011,245,1,1,0,0,256.2148196,6.6
sage.us,NPK,12,2,2011,252,1,1,1,0,34.67521561,6.88
sage.us,P,9,1,2011,249,0,1,0,0,358.4933791,6.56
sage.us,P,20,2,2011,260,0,1,0,0,85.38979324,6.8
sage.us,NPK,24,3,2011,264,1,1,1,0,188.3180708,7.02
sage.us,NP,18,2,2011,258,1,1,0,0,29.8656682,7.01
sage.us,PK,7,1,2011,247,0,1,1,0,112.1874375,6.46
sage.us,K,17,2,2011,257,0,0,1,0,49.08504264,6.94
sage.us,Control,23,3,2011,263,0,0,0,0,96.49441737,7.01
sage.us,K,3,1,2011,243,0,0,1,0,231.762292,6.47
sage.us,Fence,28,3,2011,268,0,0,0,1,216.8648965,6.88
sage.us,NPK,2,1,2011,242,1,1,1,0,329.8985441,6.63
sage.us,Fence,6,1,2011,246,0,0,0,1,150.1305301,6.33
sage.us,Fence,15,2,2011,255,0,0,0,1,284.3776639,6.76
sage.us,NK,4,1,2011,244,1,0,1,0,548.1089218,6.47
sage.us,PK,29,3,2011,269,0,1,1,0,163.1620254,6.74
sage.us,Control,10,1,2011,250,0,0,0,0,342.1328183,6.46
sage.us,N,8,1,2011,248,1,0,0,0,191.1047248,6.5
sage.us,NPK+Fence,26,3,2011,266,1,1,1,1,433.5327866,6.63
sage.us,K,21,3,2011,261,0,0,1,0,965.5742617,6.55
sage.us,NK,27,3,2011,267,1,0,1,0,636.4620751,6.84
sage.us,NK,19,2,2011,259,1,0,1,0,32.39600489,7.05
sage.us,N,13,2,2011,253,1,0,0,0,47.80926659,6.88
sage.us,NPK+Fence,1,1,2011,241,1,1,1,1,74.92474206,6.45
saline.us,Fence,19,2,2011,619,0,0,0,1,114.1509114,7.31
saline.us,NPK,23,3,2011,623,1,1,1,0,134.4847536,7.69
saline.us,Control,13,2,2011,613,0,0,0,0,521.8129135,7.45
saline.us,NP,14,2,2011,614,1,1,0,0,42.85986395,7.41
saline.us,NP,3,1,2011,603,1,1,0,0,232.326247,7.05
saline.us,Control,28,3,2011,628,0,0,0,0,200.7546195,7.48
saline.us,NPK+Fence,5,1,2011,605,1,1,1,1,169.3420399,7.36
saline.us,PK,29,3,2011,629,0,1,1,0,202.0590074,7.94
saline.us,Fence,30,3,2011,630,0,0,0,1,225.0189652,7.8
saline.us,N,6,1,2011,606,1,0,0,0,122.4439092,7.21
saline.us,NK,18,2,2011,618,1,0,1,0,205.0188624,7.42
saline.us,K,27,3,2011,627,0,0,1,0,534.3772286,7.59
saline.us,NPK,15,2,2011,615,1,1,1,0,97.53540018,7.14
saline.us,PK,12,2,2011,612,0,1,1,0,309.8300444,7.66
saline.us,NK,25,3,2011,625,1,0,1,0,329.5652368,7.44
saline.us,NP,21,3,2011,621,1,1,0,0,256.5714286,7.62
saline.us,PK,4,1,2011,604,0,1,1,0,122.4908846,7.12
saline.us,N,20,2,2011,620,1,0,0,0,292.0836291,7.74
saline.us,P,24,3,2011,624,0,1,0,0,239.0428571,7.37
saline.us,K,8,1,2011,608,0,0,1,0,207.9886991,7.37
saline.us,Control,9,1,2011,609,0,0,0,0,175.7409505,7.66
saline.us,NPK,1,1,2011,601,1,1,1,0,99.21469631,6.48
saline.us,P,2,1,2011,602,0,1,0,0,366.390879,7.36
saline.us,P,11,2,2011,611,0,1,0,0,107.985016,7.18
saline.us,K,16,2,2011,616,0,0,1,0,235.7860689,7.23
saline.us,NPK+Fence,17,2,2011,617,1,1,1,1,2.099008278,7.52
saline.us,NPK+Fence,22,3,2011,622,1,1,1,1,135.1636477,7.73
saline.us,Fence,7,1,2011,607,0,0,0,1,142.7293673,7.38
saline.us,NK,10,1,2011,610,1,0,1,0,466.2476117,7.46
saline.us,N,26,3,2011,626,1,0,0,0,188.9229718,7.2
sgs.us,NPK+Fence,13,1,2011,1100,1,1,1,1,410.7598025,6.42
sgs.us,P,36,3,2011,1117,0,1,0,0,651.9149941,5.87
sgs.us,Fence,35,3,2011,1116,0,0,0,1,3380.161734,5.88
sgs.us,NK,31,3,2011,1112,1,0,1,0,423.4959689,5.86
sgs.us,NPK,34,3,2011,1115,1,1,1,0,5532.709666,5.88
sgs.us,NPK+Fence,40,3,2011,1119,1,1,1,1,638.0406962,5.63
sgs.us,NP,4,1,2011,1093,1,1,0,0,2902.594115,5.87
sgs.us,NPK,2,1,2011,1092,1,1,1,0,653.421005,5.8
sgs.us,Control,19,2,2011,1104,0,0,0,0,234.5926112,6.34
sgs.us,PK,26,2,2011,1108,0,1,1,0,372.0841352,5.83
sgs.us,PK,11,1,2011,1098,0,1,1,0,317.9849291,6.27
sgs.us,N,23,2,2011,1105,1,0,0,0,324.1379045,5.58
sgs.us,Fence,6,1,2011,1095,0,0,0,1,341.7606245,5.97
sgs.us,N,41,3,2011,1120,1,0,0,0,431.1687482,5.61
sgs.us,K,12,1,2011,1099,0,0,1,0,207.5296512,6.11
sgs.us,NP,15,2,2011,1101,1,1,0,0,328.3773409,5.62
sgs.us,NPK,28,2,2011,1110,1,1,1,0,674.4100308,5.84
sgs.us,NPK+Fence,24,2,2011,1106,1,1,1,1,966.1572404,5.83
sgs.us,NK,1,1,2011,1091,1,0,1,0,592.9979328,5.34
sgs.us,K,32,3,2011,1113,0,0,1,0,368.6999662,6.22
sgs.us,Control,38,3,2011,1118,0,0,0,0,654.5233833,6.13
sgs.us,N,10,1,2011,1097,1,0,0,0,402.6547348,6.23
sgs.us,PK,33,3,2011,1114,0,1,1,0,778.8348549,6.01
sgs.us,NP,30,3,2011,1111,1,1,0,0,264.0781646,5.55
sgs.us,NK,25,2,2011,1107,1,0,1,0,243.3903427,5.82
sgs.us,Control,8,1,2011,1096,0,0,0,0,324.8718927,5.95
sgs.us,K,18,2,2011,1103,0,0,1,0,531.5694639,6.21
sgs.us,P,5,1,2011,1094,0,1,0,0,590.2341086,5.98
sgs.us,Fence,17,2,2011,1102,0,0,0,1,500.0472571,6.16
sgs.us,P,27,2,2011,1109,0,1,0,0,602.5702461,5.7
shps.us,Control,27,3,2011,323,0,0,0,0,288.0755666,7.61
shps.us,NPK+Fence,23,2,2011,319,1,1,1,1,506.8745291,7.19
shps.us,NPK+Fence,28,3,2011,324,1,1,1,1,472.9389371,7.01
shps.us,NK,35,3,2011,329,1,0,1,0,301.5924552,7.58
shps.us,NP,8,1,2011,308,1,1,0,0,234.2837377,7.42
shps.us,P,20,2,2011,316,0,1,0,0,321.2611123,7.53
shps.us,P,4,1,2011,304,0,1,0,0,431.4827954,7.25
shps.us,NPK+Fence,7,1,2011,307,1,1,1,1,158.5958512,7.81
shps.us,K,26,3,2011,322,0,0,1,0,148.7420387,7.54
shps.us,K,21,2,2011,317,0,0,1,0,339.7390359,7.15
shps.us,NK,19,2,2011,315,1,0,1,0,79.59904567,6.72
shps.us,Fence,14,2,2011,312,0,0,0,1,251.8856984,7.36
shps.us,N,1,1,2011,301,1,0,0,0,532.958741,7.27
shps.us,Control,13,2,2011,311,0,0,0,0,465.6234783,7.72
shps.us,Control,2,1,2011,302,0,0,0,0,293.8717474,7.94
shps.us,P,29,3,2011,325,0,1,0,0,476.7351553,7.46
shps.us,NPK,30,3,2011,326,1,1,1,0,271.4931799,7.47
shps.us,N,36,3,2011,330,1,0,0,0,556.5899709,7.53
shps.us,PK,3,1,2011,303,0,1,1,0,305.5709434,7.01
shps.us,Fence,33,3,2011,328,0,0,0,1,541.9139204,7.59
shps.us,NPK,15,2,2011,313,1,1,1,0,394.306744,7.56
shps.us,Fence,11,1,2011,310,0,0,0,1,338.414122,7.15
shps.us,PK,31,3,2011,327,0,1,1,0,382.89721,7.04
shps.us,PK,24,2,2011,320,0,1,1,0,304.0038255,7.6
shps.us,NK,5,1,2011,305,1,0,1,0,254.5035322,7.01
shps.us,N,22,2,2011,318,1,0,0,0,399.4490523,7.47
shps.us,NP,25,3,2011,321,1,1,0,0,633.515798,7.42
shps.us,NP,16,2,2011,314,1,1,0,0,620.360963,7.72
shps.us,K,9,1,2011,309,0,0,1,0,323.5598429,7.85
shps.us,NPK,6,1,2011,306,1,1,1,0,377.7955126,7.77
sier.us,NK,15,2,2011,105,1,0,1,0,113.1866558,6.01
sier.us,Fence,11,2,2011,101,0,0,0,1,120.6708833,NA
sier.us,Control,27,3,2011,117,0,0,0,0,22.77639832,NA
sier.us,NK,9,1,2011,99,1,0,1,0,53.73156317,NA
sier.us,NPK,10,1,2011,100,1,1,1,0,46.51100885,NA
sier.us,NP,4,1,2011,94,1,1,0,0,88.12360939,NA
sier.us,PK,18,2,2011,108,0,1,1,0,112.4902747,NA
sier.us,NK,24,3,2011,114,1,0,1,0,13.34878331,NA
sier.us,N,8,1,2011,98,1,0,0,0,87.74356291,NA
sier.us,K,21,3,2011,111,0,0,1,0,117.1752293,NA
sier.us,K,2,1,2011,92,0,0,1,0,36.92526366,NA
sier.us,NPK,23,3,2011,113,1,1,1,0,39.88107688,NA
sier.us,NPK,20,2,2011,110,1,1,1,0,70.07474005,NA
sier.us,N,30,3,2011,120,1,0,0,0,20.55495525,5.95
sier.us,NPK+Fence,29,3,2011,119,1,1,1,1,11.76051985,NA
sier.us,N,19,2,2011,109,1,0,0,0,44.40353461,NA
sier.us,NPK+Fence,7,1,2011,97,1,1,1,1,53.89720869,NA
sier.us,P,1,1,2011,91,0,1,0,0,16.76437213,6.19
sier.us,Control,13,2,2011,103,0,0,0,0,74.36315468,NA
sier.us,PK,3,1,2011,93,0,1,1,0,35.32234336,NA
sier.us,P,22,3,2011,112,0,1,0,0,39.12688904,NA
sier.us,NPK+Fence,17,2,2011,107,1,1,1,1,53.82172159,NA
sier.us,NP,28,3,2011,118,1,1,0,0,24.7523592,NA
sier.us,K,14,2,2011,104,0,0,1,0,69.02578733,NA
sier.us,PK,25,3,2011,115,0,1,1,0,58.05552034,NA
sier.us,P,16,2,2011,106,0,1,0,0,51.43697291,NA
sier.us,Fence,6,1,2011,96,0,0,0,1,29.62275278,NA
sier.us,Fence,26,3,2011,116,0,0,0,1,14.40176625,NA
sier.us,Control,5,1,2011,95,0,0,0,0,81.90235081,NA
sier.us,NP,12,2,2011,102,1,1,0,0,29.8051894,NA
smith.us,K,21,3,2011,981,0,0,1,0,91.29311397,6.77
smith.us,Fence,28,3,2011,988,0,0,0,1,130.8951589,6.07
smith.us,NK,3,1,2011,963,1,0,1,0,192.0476466,6.34
smith.us,NPK+Fence,5,1,2011,965,1,1,1,1,81.11844364,6.33
smith.us,NPK,7,1,2011,967,1,1,1,0,186.2778223,6.5
smith.us,P,10,1,2011,970,0,1,0,0,184.8335918,6.53
smith.us,NPK,25,3,2011,985,1,1,1,0,219.2730807,6.1
smith.us,PK,15,2,2011,975,0,1,1,0,396.5770298,6.14
smith.us,Fence,8,1,2011,968,0,0,0,1,185.0687424,6.2
smith.us,NK,23,3,2011,983,1,0,1,0,NA,NA
smith.us,K,9,1,2011,969,0,0,1,0,265.0893049,6.31
smith.us,PK,29,3,2011,989,0,1,1,0,143.421896,6.24
smith.us,NPK,13,2,2011,973,1,1,1,0,102.7157243,6.06
smith.us,NP,22,3,2011,982,1,1,0,0,238.720573,6.14
smith.us,N,2,1,2011,962,1,0,0,0,234.4152421,7.04
smith.us,NPK+Fence,26,3,2011,986,1,1,1,1,66.32456559,5.65
smith.us,N,27,3,2011,987,1,0,0,0,206.6448837,6.18
smith.us,Control,11,2,2011,971,0,0,0,0,382.6612122,6.38
smith.us,N,19,2,2011,979,1,0,0,0,340.4472925,5.99
smith.us,Fence,20,2,2011,980,0,0,0,1,153.3560806,6.55
smith.us,P,30,3,2011,990,0,1,0,0,356.1676727,6.08
smith.us,NP,4,1,2011,964,1,1,0,0,247.4801667,6.4
smith.us,NP,12,2,2011,972,1,1,0,0,148.7959734,6.06
smith.us,NK,14,2,2011,974,1,0,1,0,178.6762316,6.21
smith.us,P,18,2,2011,978,0,1,0,0,269.1897708,6.18
smith.us,Control,6,1,2011,966,0,0,0,0,274.8587251,6.3
smith.us,PK,1,1,2011,961,0,1,1,0,228.2785781,6.72
smith.us,K,17,2,2011,977,0,0,1,0,203.8727732,7.08
smith.us,NPK+Fence,16,2,2011,976,1,1,1,1,77.7682082,5.84
smith.us,Control,24,3,2011,984,0,0,0,0,308.1340057,6.81
spin.us,PK,14,2,2011,1044,0,1,1,0,368.1976825,NA
spin.us,N,13,2,2011,1043,1,0,0,0,219.7825312,NA
spin.us,Control,29,3,2011,1059,0,0,0,0,247.7104241,6.53
spin.us,K,8,1,2011,1038,0,0,1,0,362.4441012,NA
spin.us,N,28,3,2011,1058,1,0,0,0,66.46882409,NA
spin.us,NP,26,3,2011,1056,1,1,0,0,411.9280353,NA
spin.us,NPK+Fence,18,2,2011,1048,1,1,1,1,59.10162845,NA
spin.us,PK,24,3,2011,1054,0,1,1,0,84.82588519,NA
spin.us,NPK+Fence,4,1,2011,1034,1,1,1,1,81.99975488,NA
spin.us,P,25,3,2011,1055,0,1,0,0,485.35408,NA
spin.us,NPK,9,1,2011,1039,1,1,1,0,333.5079993,6.34
spin.us,NPK+Fence,21,3,2011,1051,1,1,1,1,100.3992642,NA
spin.us,Fence,30,3,2011,1060,0,0,0,1,389.6945358,NA
spin.us,Control,6,1,2011,1036,0,0,0,0,577.8047126,NA
spin.us,Fence,17,2,2011,1047,0,0,0,1,222.4921991,NA
spin.us,Control,11,2,2011,1041,0,0,0,0,1752.220577,6.68
spin.us,K,27,3,2011,1057,0,0,1,0,202.0692251,NA
spin.us,NK,22,3,2011,1052,1,0,1,0,331.5288817,NA
spin.us,NK,16,2,2011,1046,1,0,1,0,242.937885,NA
spin.us,N,3,1,2011,1033,1,0,0,0,463.6646627,NA
spin.us,PK,7,1,2011,1037,0,1,1,0,358.1504431,NA
spin.us,NP,5,1,2011,1035,1,1,0,0,913.6203561,NA
spin.us,NK,2,1,2011,1032,1,0,1,0,143.7340907,NA
spin.us,Fence,1,1,2011,1031,0,0,0,1,249.4486159,NA
spin.us,P,10,1,2011,1040,0,1,0,0,498.0948539,NA
spin.us,K,15,2,2011,1045,0,0,1,0,129.517973,NA
spin.us,NPK,23,3,2011,1053,1,1,1,0,76.64811215,6.04
spin.us,P,19,2,2011,1049,0,1,0,0,393.7527282,NA
spin.us,NPK,20,2,2011,1050,1,1,1,0,81.20743447,6.09
spin.us,NP,12,2,2011,1042,1,1,0,0,613.4669863,NA
summ.za,PK,5,1,2012,815,0,1,1,0,1449.184479,4.94
summ.za,NPK,22,3,2012,832,1,1,1,0,1116.501544,5.59
summ.za,N,12,2,2012,822,1,0,0,0,1388.474246,5.88
summ.za,Control,18,2,2012,828,0,0,0,0,1710.747421,5.9
summ.za,Control,9,1,2012,819,0,0,0,0,784.9047504,5.7
summ.za,P,20,2,2012,830,0,1,0,0,522.9793901,5.88
summ.za,NPK,4,1,2012,814,1,1,1,0,1540.236407,5.46
summ.za,K,28,3,2012,838,0,0,1,0,514.9446537,5.65
summ.za,NK,23,3,2012,833,1,0,1,0,1162.146524,5.38
summ.za,NK,7,1,2012,817,1,0,1,0,900.409082,5.45
summ.za,PK,29,3,2012,839,0,1,1,0,538.2132418,5.52
summ.za,N,3,1,2012,813,1,0,0,0,2147.589506,5.75
summ.za,K,2,1,2012,812,0,0,1,0,883.1027018,5.38
summ.za,N,27,3,2012,837,1,0,0,0,835.5920289,5.74
summ.za,NPK,19,2,2012,829,1,1,1,0,883.9778534,5.82
summ.za,NP,17,2,2012,827,1,1,0,0,988.6413565,6.02
summ.za,NK,14,2,2012,824,1,0,1,0,859.2099699,5.66
summ.za,Control,26,3,2012,836,0,0,0,0,1642.55677,5.59
summ.za,P,6,1,2012,816,0,1,0,0,2053.389762,6.12
summ.za,P,25,3,2012,835,0,1,0,0,1160.039325,5.58
summ.za,NP,8,1,2012,818,1,1,0,0,1202.452776,6.16
summ.za,PK,11,2,2012,821,0,1,1,0,1025.11884,5.62
summ.za,K,13,2,2012,823,0,0,1,0,1087.747275,5.66
summ.za,NP,24,3,2012,834,1,1,0,0,922.2311815,5.83
trel.us,P,29,3,2011,1179,0,1,0,0,110.2543317,6.47
trel.us,N,2,1,2011,1152,1,0,0,0,263.1203425,6.59
trel.us,Control,23,3,2011,1173,0,0,0,0,173.1475913,6.29
trel.us,Fence,5,1,2011,1155,0,0,0,1,192.1165432,7.02
trel.us,NPK+Fence,3,1,2011,1153,1,1,1,1,89.2161239,7.03
trel.us,NPK,24,3,2011,1174,1,1,1,0,259.5323607,6
trel.us,NK,1,1,2011,1151,1,0,1,0,71.58907769,6.73
trel.us,NP,12,2,2011,1162,1,1,0,0,95.30000379,6.53
trel.us,NK,27,3,2011,1177,1,0,1,0,25.33697929,6.04
trel.us,K,7,1,2011,1157,0,0,1,0,73.50721702,6.79
trel.us,NPK,15,2,2011,1165,1,1,1,0,88.40670242,7.19
trel.us,NP,26,3,2011,1176,1,1,0,0,59.6720204,6.02
trel.us,N,18,2,2011,1168,1,0,0,0,63.39006926,6.22
trel.us,Control,9,1,2011,1159,0,0,0,0,118.6057313,6.57
trel.us,NPK,10,1,2011,1160,1,1,1,0,29.53807126,6.81
trel.us,NPK+Fence,13,2,2011,1163,1,1,1,1,57.36141229,6.73
trel.us,Control,20,2,2011,1170,0,0,0,0,50.19426668,6.14
trel.us,NPK+Fence,28,3,2011,1178,1,1,1,1,70.24062007,6
trel.us,P,14,2,2011,1164,0,1,0,0,94.57801185,6.62
trel.us,PK,21,3,2011,1171,0,1,1,0,278.0745385,6.28
trel.us,N,22,3,2011,1172,1,0,0,0,86.79762978,6.28
trel.us,PK,19,2,2011,1169,0,1,1,0,183.2351457,6.14
trel.us,P,4,1,2011,1154,0,1,0,0,101.9834215,6.54
trel.us,Fence,16,2,2011,1166,0,0,0,1,45.57936792,6.27
trel.us,K,17,2,2011,1167,0,0,1,0,180.206795,6.18
trel.us,Fence,25,3,2011,1175,0,0,0,1,97.44319856,6.21
trel.us,K,30,3,2011,1180,0,0,1,0,165.3997478,7.07
trel.us,NK,11,2,2011,1161,1,0,1,0,134.6735089,6.46
trel.us,NP,8,1,2011,1158,1,1,0,0,42.07785212,7.1
trel.us,PK,6,1,2011,1156,0,1,1,0,253.1807538,6.82
ukul.za,NK,9,1,2012,759,1,0,1,0,175.1256504,5.36
ukul.za,N,18,2,2012,768,1,0,0,0,74.4069609,4.63
ukul.za,NP,1,1,2012,751,1,1,0,0,97.58159136,4.89
ukul.za,Control,22,3,2012,772,0,0,0,0,55.92881225,5.75
ukul.za,K,28,3,2012,778,0,0,1,0,182.9424307,5.67
ukul.za,Control,30,3,2012,780,0,0,0,0,487.3865094,6
ukul.za,NPK,10,1,2012,760,1,1,1,0,132.4427544,5
ukul.za,PK,29,3,2012,779,0,1,1,0,153.301842,5.55
ukul.za,P,3,1,2012,753,0,1,0,0,40.71163825,5.6
ukul.za,P,11,2,2012,761,0,1,0,0,320.0001288,5.56
ukul.za,Control,5,1,2012,755,0,0,0,0,416.7360207,5.86
ukul.za,NP,21,3,2012,771,1,1,0,0,136.3507555,5.35
ukul.za,NK,14,2,2012,764,1,0,1,0,402.8831018,5.08
ukul.za,N,6,1,2012,756,1,0,0,0,147.8255635,5.18
ukul.za,NPK,25,3,2012,775,1,1,1,0,298.5505156,4.86
ukul.za,K,13,2,2012,763,0,0,1,0,183.8305618,5.6
ukul.za,PK,16,2,2012,766,0,1,1,0,35.53499715,5.81
ukul.za,NK,24,3,2012,774,1,0,1,0,206.2023617,4.78
ukul.za,PK,4,1,2012,754,0,1,1,0,114.042881,5.45
ukul.za,N,27,3,2012,777,1,0,0,0,407.0582165,5.35
ukul.za,NP,17,2,2012,767,1,1,0,0,375.7777778,5.21
ukul.za,P,26,3,2012,776,0,1,0,0,134.2538144,5.99
ukul.za,NPK,23,3,2012,773,1,1,1,0,150.4392786,4.83
ukul.za,NPK,19,2,2012,769,1,1,1,0,176.3720172,4.89
ukul.za,K,7,1,2012,757,0,0,1,0,25.71570865,5.5
ukul.za,Control,8,1,2012,758,0,0,0,0,286.0002849,5.87
ukul.za,Control,20,2,2012,770,0,0,0,0,274.6079927,5.85
ukul.za,NPK,15,2,2012,765,1,1,1,0,219.8745202,5.1
ukul.za,NPK,2,1,2012,752,1,1,1,0,100.6606984,5.03
ukul.za,Control,12,2,2012,762,0,0,0,0,60.87026861,5.72
unc.us,PK,7,1,2011,337,0,1,1,0,72.2824972,5.78
unc.us,NP,19,2,2011,349,1,1,0,0,184.0175192,5.42
unc.us,PK,24,3,2011,354,0,1,1,0,72.26634198,5.41
unc.us,Control,14,2,2011,344,0,0,0,0,198.0959115,5.59
unc.us,N,27,3,2011,357,1,0,0,0,124.8733975,5.69
unc.us,N,5,1,2011,335,1,0,0,0,170.7734242,5.63
unc.us,Fence,28,1,2011,358,0,0,0,1,100.9261936,5.63
unc.us,P,12,2,2011,342,0,1,0,0,139.798161,5.72
unc.us,PK,11,2,2011,341,0,1,1,0,105.7738584,5.54
unc.us,NPK+Fence,8,3,2011,338,1,1,1,1,153.1795508,5.59
unc.us,NK,3,1,2011,333,1,0,1,0,106.5424431,5.47
unc.us,NPK,29,3,2011,359,1,1,1,0,192.4444691,5.58
unc.us,Fence,16,2,2011,346,0,0,0,1,197.287364,5.83
unc.us,K,15,2,2011,345,0,0,1,0,116.9164941,5.85
unc.us,NK,25,3,2011,355,1,0,1,0,110.5366867,5.42
unc.us,NPK+Fence,1,1,2011,331,1,1,1,1,76.89419124,5.44
unc.us,NK,13,2,2011,343,1,0,1,0,99.57252398,6.14
unc.us,P,9,1,2011,339,0,1,0,0,87.64290042,6.17
unc.us,NPK,10,1,2011,340,1,1,1,0,147.1523079,5.44
unc.us,K,4,1,2011,334,0,0,1,0,778.7663216,5.92
unc.us,K,30,3,2011,360,0,0,1,0,96.62214511,5.81
unc.us,Control,22,3,2011,352,0,0,0,0,140.4120825,5.66
unc.us,P,26,3,2011,356,0,1,0,0,133.5379115,6.08
unc.us,NP,21,3,2011,351,1,1,0,0,418.5252155,5.87
unc.us,NP,6,1,2011,336,1,1,0,0,147.745653,5.67
unc.us,NPK+Fence,18,2,2011,348,1,1,1,1,264.5983018,5.23
unc.us,Fence,23,3,2011,353,0,0,0,1,159.6645246,6.04
unc.us,Control,2,1,2011,332,0,0,0,0,728.7202326,6.68
unc.us,NPK,17,2,2011,347,1,1,1,0,429.5451988,5.59
unc.us,N,20,2,2011,350,1,0,0,0,96.04175651,5.42
valm.ch,P,23,3,2011,1203,0,1,0,0,839.6982425,5.87
valm.ch,Fence,19,2,2011,1199,0,0,0,1,813.1068744,6.49
valm.ch,K,22,3,2011,1202,0,0,1,0,563.0107428,6.18
valm.ch,Control,21,3,2011,1201,0,0,0,0,661.1493246,6.78
valm.ch,NK,26,3,2011,1206,1,0,1,0,773.4622701,6.05
valm.ch,NP,27,3,2011,1207,1,1,0,0,1216.95606,6
valm.ch,Fence,9,1,2011,1189,0,0,0,1,1614.696317,6.54
valm.ch,NPK+Fence,10,1,2011,1190,1,1,1,1,1829.797541,5.67
valm.ch,NPK,18,2,2011,1198,1,1,1,0,1387.928264,6.21
valm.ch,NPK+Fence,30,3,2011,1210,1,1,1,1,1866.105558,5.77
valm.ch,NPK,28,3,2011,1208,1,1,1,0,1918.041232,6.39
valm.ch,NP,17,2,2011,1197,1,1,0,0,1474.214263,NA
valm.ch,N,24,3,2011,1204,1,0,0,0,829.4168164,5.9
valm.ch,N,14,2,2011,1194,1,0,0,0,359.7151707,5.71
valm.ch,Control,11,2,2011,1191,0,0,0,0,307.5549,6.83
valm.ch,P,13,2,2011,1193,0,1,0,0,748.1635135,6.4
valm.ch,N,4,1,2011,1184,1,0,0,0,567.6901612,6.15
valm.ch,PK,5,1,2011,1185,0,1,1,0,232.752238,6.78
valm.ch,NK,16,2,2011,1196,1,0,1,0,1273.872127,6.36
valm.ch,NK,6,1,2011,1186,1,0,1,0,808.7176661,6.08
valm.ch,Fence,29,3,2011,1209,0,0,0,1,504.2312647,6.55
valm.ch,Control,1,1,2011,1181,0,0,0,0,429.303802,6.74
valm.ch,K,2,1,2011,1182,0,0,1,0,943.0635088,7.17
valm.ch,K,12,2,2011,1192,0,0,1,0,728.602847,6.82
valm.ch,PK,25,3,2011,1205,0,1,1,0,403.7855771,6.28
valm.ch,NP,7,1,2011,1187,1,1,0,0,1841.623125,6.58
valm.ch,NPK,8,1,2011,1188,1,1,1,0,290.1177945,7.11
valm.ch,P,3,1,2011,1183,0,1,0,0,738.7881735,6.36
valm.ch,PK,15,2,2011,1195,0,1,1,0,841.0897122,6.69
valm.ch,NPK+Fence,20,2,2011,1200,1,1,1,1,431.1895975,6.21